{"cameraMode":{"drawMode":0,"name":"Shaded","section":"Shading Mode"},"sceneLighting":true,"audioPlay":false,"sceneViewState":{"m_AlwaysRefresh":false,"showFog":true,"showSkybox":true,"showFlares":true,"showImageEffects":true,"showParticleSystems":true,"showVisualEffectGraphs":true,"m_FxEnabled":true},"in2DMode":false,"pivot":{"x":528.6856689453125,"y":110.68854522705078,"z":-640.4000244140625},"rotation":{"x":-0.09544084966182709,"y":0.04657980054616928,"z":0.004475163295865059,"w":0.9943550825119019},"size":20.488996505737306,"orthographic":false}